value,count,share
Рязань,3,0.2727272727272727
Санкт-Петербург,2,0.18181818181818182
Новосибирск,2,0.18181818181818182
Краснодар,2,0.18181818181818182
Москва,2,0.18181818181818182
