value,count,share
Grvl,50,0.5494505494505495
Pave,41,0.45054945054945056
