value,count,share
Lvl,1311,0.897945205479452
Bnk,63,0.04315068493150685
HLS,50,0.03424657534246575
Low,36,0.024657534246575342
