value,count,share
Reg,925,0.6335616438356164
IR1,484,0.3315068493150685
IR2,41,0.028082191780821917
IR3,10,0.00684931506849315
