value,count,share
RL,1151,0.7883561643835616
RM,218,0.14931506849315068
FV,65,0.04452054794520548
RH,16,0.010958904109589041
C (all),10,0.00684931506849315
