value,count,share
Pave,1454,0.9958904109589041
Grvl,6,0.00410958904109589
